{
  "parent": "minecraft:item/handheld",
  "textures": {
    "layer0": "minecraft:item/diamond_pickaxe"
  },
  "overrides": [
	{"predicate": {"custom_model_data": 1011},"model": "craftory:items/tools/drill/diamond_drill"},
	{"predicate": {"custom_model_data": 1019},"model": "craftory:items/tools/power_hammer/diamond_power_hammer"},
	{
      "predicate": {
        "custom_model_data": 1
      },
      "model": "default/legendary_hammer"
    },
    {
      "predicate": {
        "custom_model_data": 2
      },
      "model": "default/earth_hammer"
    },
    {
      "predicate": {
        "custom_model_data": 3
      },
      "model": "emerald_hammer"
    },
    {
      "predicate": {
        "custom_model_data": 4
      },
      "model": "amethyst_hammer"
    },
    {
      "predicate": {
        "custom_model_data": 5
      },
      "model": "onyx_hammer"
    },
    {
      "predicate": {
        "custom_model_data": 6
      },
      "model": "orax_hammer"
    },
    {
      "predicate": {
        "custom_model_data": 7
      },
      "model": "fire_hammer"
    }
	]
}